1;"We've launched Brandwatch Demographics! See more here: youtube.com/fff"
2;"Check out our interview with our CEO: bit.ly/dwa"
3;"Register for our Masterclass event in London now! bit.ly/34d"
4;"Excited to announce that @thesearchagency has selected Brandwatch as its new platform for earned media monitoring - http://bit.ly/1gIh4j2"
5;"Excited for our Masterclass at @oiconf on Thursday. You can still get tickets here - http://bit.ly/1elyQZk";
6;"Ten DOs and DON’Ts in social media analytics - http://ow.ly/vqW9o"
7;"Are you a juggling genius? Perhaps you’re a first class plate-spinner? If so, we want to hear from you! http://bit.ly/1lysJt8"
8;"@bryantookey from @brandwatch on monitoring at #icom14 pic.twitter.com/9mfKh0UFRH"
9;"Nominations are open for the @Tech4GoodAwards. Do you know anyone who deserves some recognition? http://bit.ly/1eAjyQe"
10;"Wells Fargo treats its social media command center like a business. #smcc  http://ow.ly/voIlu  pic.twitter.com/ffUtIuBUUh"
11;"Our NY office has been chosen as an inspiring work environment - http://bit.ly/1s6VvBV"
12;"Creation Pinpoint's growth cited in our @Gnip partnership story - http://bit.ly/1hyEGHm  by @engagementstrat"
13;"Ping pong ceiling #insidebrandwatch. What do you think? pic.twitter.com/Uo3NkAnxgq"
14;"We’re thrilled our customers have ranked us highest for customer satisfaction in latest @G2Crowd report http://ow.ly/v3Ntg"
15;"Almost one third of travelers displayed either advocacy for or dissatisfaction with the brand they just flew -  http://ow.ly/vF4ke "
16;"Claustrophobic? Don't ride Tokyo's subway during rush hour - http://ow.ly/vEHBc"
17;"7 1/2 marketing tactics to prepare for mass exposure - http://ow.ly/vEoJ1  via @Aria_Agency"
18;"The complete guide to analytics in digital marketing - http://bit.ly/1eoP9dv  via @linkhumans"
19;"Guy games Uber’s referral system, racks up $50K in free rides - http://ow.ly/vEGS7"
20;"With Turkey at a crossroads politically, free speech rights at stake - http://ow.ly/v3zsA  via @pbsmediashift"
21;"Live debates provide a snapshot of how social media can give large-scale instant feedback - http://ow.ly/v43nt  by @eoghanlondon"
22;"Turkey moves to block YouTube but attempt fails - http://n.pr/1pAmOAm  via @AP"
23;"Facebook looks to drones, lasers and satellites for Internet access - http://tcrn.ch/1mb4wFO"
24;"It seems that competitions are dominating Mother's Day chat in the UK pic.twitter.com/swB1lAYJcQ"
25;"How many people use social networks to get news? pic.twitter.com/tGIEpnXGYu"
26;"Mesmerizing time-lapse video of fireflies - http://ow.ly/v8mWI"
27;"What if I look at my social data, and there are no interesting trends? http://bit.ly/1juVvdg"
28;"Before the Internet - http://xkcd.com/1348/"
29;"Rise of the robots - http://ow.ly/v8ElZ"
30;"58% of those who consume news in social media are women  - http://ow.ly/v8H9Q  pic.twitter.com/IP55pSRTsr"
30;"blah"
30;"blah"
30;"blah"
30;"blah"
30;"blah"
30;"blah"
30;"blah"
30;"blah"
30;"blah"
30;"blah"
30;"blah"
30;"blah"
30;"blah"
30;"blah"
30;"blah"
30;"blah"
30;"blah"
30;"blah"
30;"blah"
30;"blah"
30;"blah"
30;"blah"
30;"blah"
30;"blah"
30;"blah"
30;"blah"
30;"blah"
30;"blah"
30;"blah"
30;"blah"
30;"blah"
30;"blah"
30;"blah"
30;"blah"
30;"blah"
30;"blah"
30;"blah"
30;"blah"
30;"blah"
30;"blah"
30;"blah"
30;"blah"
30;"blah"
30;"blah"
30;"blah"
30;"blah"
30;"blah"
30;"blah"
30;"blah"
30;"blah"
30;"blah"
30;"blah"
30;"blah"
30;"blah"
30;"blah"
30;"blah"
30;"blah"
30;"blah"
30;"blah"
30;"blah"
30;"blah"
30;"blah"
30;"blah"
30;"blah"
30;"blah"
30;"blah"
30;"blah"
30;"blah"
30;"blah"
30;"blah"
30;"blah"
30;"blah"
30;"blah"
30;"blah"
30;"blah"
30;"blah"
30;"blah"
30;"blah"
30;"blah"
30;"blah"
30;"blah"
30;"blah"
30;"blah"
30;"blah"
30;"blah"
30;"blah"
30;"blah"
30;"blah"
30;"blah"
30;"blah"
30;"blah"
30;"blah"
30;"blah"
30;"blah"
30;"blah"
30;"blah"
30;"blah"
30;"blah"
30;"blah"
